<?xml version='1.0' encoding='utf-8'?>
<!DOCTYPE hibernate-configuration PUBLIC 
"-//Hibernate/Hibernate Configuration DTD//EN"
"http://hibernate.sourceforge.net/hibernate-configuration-3.0.dtd">

<hibernate-configuration>    
    <session-factory>
      
         
         <!-- -->
<!--        <property name="hibernate.connection.driver_class">org.sqlite.JDBC</property>
        <property name="hibernate.connection.url">jdbc:sqlite:http://santafedosul.com.br/app.db</property>
        <property name="hibernate.connection.username">admin</property> 
        <property name="hibernate.connection.password">admin</property>
        <property name="hibernate.dialect">org.hibernate.dialect.SQLiteDialect</property>
        <property name="show_sql">true</property>
        <property name="format_sql">true</property>     
        -->
        
        <property name="hibernate.connection.driver_class">org.gjt.mm.mysql.Driver</property>
        <property name="hibernate.connection.url">jdbc:mysql://localhost/app</property>
        <property name="hibernate.connection.username">root</property>
        <property name="hibernate.connection.password"></property>
        <property name="hibernate.dialect">org.hibernate.dialect.MySQLDialect</property>
        <property name="show_sql">true</property>
        <property name="format_sql">true</property>    
        
        <!-- c3p0 -->
        <!-- -->
        <property name="hibernate.connection.provider_class">org.hibernate.connection.C3P0ConnectionProvider</property>
        <property name="hibernate.c3p0.min_size">10</property>
        <property name="hibernate.c3p0.max_size">20</property>
        <property name="hibernate.c3p0.acquire_increment">1</property>
        <property name="hibernate.c3p0.idle_test_period">100</property>
        <property name="hibernate.c3p0.max_statements">10</property>
        <property name="hibernate.c3p0.timeout">100</property>
        <property name="hibernate.c3p0.validate">true</property>
        <property name="hibernate.c3p0.testConnectionOnCheckout">true</property>

        <property name="hibernate.current_session_context_class">thread</property>
        <property name="hibernate.cache.use_second_level_cache">false</property>
        <property name="hibernate.cache.use_query_cache">false</property>
        <property name="hibernate.cache.provider_class">org.hibernate.cache.NoCacheProvider</property>
        
        <!-- Validation -->        
        <property name="validation-mode">NONE</property>
        <property name="javax.persistence.validation.mode">NONE</property>
        <property name="hibernate.validator.autoregister_listeners">false</property>       
        <property name="hibernate.validator.apply_to_ddl">false</property>       
        
         
        <mapping class="br.com.zup.app.entities.Product"/>  
        
    </session-factory>
    
</hibernate-configuration>
