<?xml version="1.0" encoding="UTF-8"?>
<project-private xmlns="http://www.netbeans.org/ns/project-private/1">
    <editor-bookmarks xmlns="http://www.netbeans.org/ns/editor-bookmarks/2" lastBookmarkId="0"/>
    <open-files xmlns="http://www.netbeans.org/ns/projectui-open-files/2">
        <group name="Unorp">
            <file>file:/Users/robertomassoni/Google%20Drive/FACULDADE/DOCUMENTOS/PROJETOS/aplicativo/test/br/com/zup/app/controller/ProductControllerTest.java</file>
            <file>file:/Users/robertomassoni/Google%20Drive/FACULDADE/DOCUMENTOS/PROJETOS/aplicativo/src/java/br/com/zup/app/util/HibernateCreateSessionFactory.java</file>
            <file>file:/Users/robertomassoni/Google%20Drive/FACULDADE/DOCUMENTOS/PROJETOS/aplicativo/src/java/br/com/zup/app/util/AppResponse.java</file>
            <file>file:/Users/robertomassoni/Google%20Drive/FACULDADE/DOCUMENTOS/PROJETOS/aplicativo/src/java/br/com/zup/app/impl/DAOService.java</file>
            <file>file:/Users/robertomassoni/Google%20Drive/FACULDADE/DOCUMENTOS/PROJETOS/aplicativo/src/java/br/com/zup/app/persistence/ProductDAO.java</file>
            <file>file:/Users/robertomassoni/Google%20Drive/FACULDADE/DOCUMENTOS/PROJETOS/aplicativo/src/java/br/com/zup/app/util/AppException.java</file>
            <file>file:/Users/robertomassoni/Google%20Drive/FACULDADE/DOCUMENTOS/PROJETOS/aplicativo/src/java/br/com/zup/app/util/HibernateSessionFactory.java</file>
            <file>file:/Users/robertomassoni/Google%20Drive/FACULDADE/DOCUMENTOS/PROJETOS/aplicativo/src/java/hibernate.cfg.xml</file>
            <file>file:/Users/robertomassoni/Google%20Drive/FACULDADE/DOCUMENTOS/PROJETOS/aplicativo/web/listar.jsp</file>
            <file>file:/Users/robertomassoni/Google%20Drive/FACULDADE/DOCUMENTOS/PROJETOS/aplicativo/src/java/br/com/zup/app/controller/ProductController.java</file>
            <file>file:/Users/robertomassoni/Google%20Drive/FACULDADE/DOCUMENTOS/PROJETOS/aplicativo/src/java/config.properties</file>
            <file>file:/Users/robertomassoni/Google%20Drive/FACULDADE/DOCUMENTOS/PROJETOS/aplicativo/src/java/br/com/zup/app/impl/DAOImpl.java</file>
            <file>file:/Users/robertomassoni/Google%20Drive/FACULDADE/DOCUMENTOS/PROJETOS/aplicativo/web/WEB-INF/web.xml</file>
            <file>file:/Users/robertomassoni/Google%20Drive/FACULDADE/DOCUMENTOS/PROJETOS/aplicativo/src/java/br/com/zup/app/util/HibernateUtil.java</file>
            <file>file:/Users/robertomassoni/Google%20Drive/FACULDADE/DOCUMENTOS/PROJETOS/aplicativo/src/java/br/com/zup/app/entities/Product.java</file>
        </group>
    </open-files>
</project-private>
